Tue Mar 18 09:39:19 UTC 2025 - Auto commit to keep GitHub streak alive
Wed Mar 19 01:44:11 UTC 2025 - Auto commit to keep GitHub streak alive
Thu Mar 20 01:43:09 UTC 2025 - Auto commit to keep GitHub streak alive
Fri Mar 21 01:45:12 UTC 2025 - Auto commit to keep GitHub streak alive
Sat Mar 22 01:42:02 UTC 2025 - Auto commit to keep GitHub streak alive
Sun Mar 23 01:50:02 UTC 2025 - Auto commit to keep GitHub streak alive
Mon Mar 24 01:47:59 UTC 2025 - Auto commit to keep GitHub streak alive
Tue Mar 25 01:45:39 UTC 2025 - Auto commit to keep GitHub streak alive
Wed Mar 26 01:44:50 UTC 2025 - Auto commit to keep GitHub streak alive
Thu Mar 27 01:44:48 UTC 2025 - Auto commit to keep GitHub streak alive
Fri Mar 28 01:45:05 UTC 2025 - Auto commit to keep GitHub streak alive
Sat Mar 29 01:43:45 UTC 2025 - Auto commit to keep GitHub streak alive
Sun Mar 30 01:52:16 UTC 2025 - Auto commit to keep GitHub streak alive
Mon Mar 31 01:50:48 UTC 2025 - Auto commit to keep GitHub streak alive
Tue Apr  1 01:57:00 UTC 2025 - Auto commit to keep GitHub streak alive
Wed Apr  2 01:46:56 UTC 2025 - Auto commit to keep GitHub streak alive
Thu Apr  3 01:45:31 UTC 2025 - Auto commit to keep GitHub streak alive
Fri Apr  4 01:45:29 UTC 2025 - Auto commit to keep GitHub streak alive
Sat Apr  5 01:43:44 UTC 2025 - Auto commit to keep GitHub streak alive
Sun Apr  6 01:51:06 UTC 2025 - Auto commit to keep GitHub streak alive
Mon Apr  7 01:49:00 UTC 2025 - Auto commit to keep GitHub streak alive
Tue Apr  8 01:46:22 UTC 2025 - Auto commit to keep GitHub streak alive
Wed Apr  9 01:46:26 UTC 2025 - Auto commit to keep GitHub streak alive
Thu Apr 10 01:46:28 UTC 2025 - Auto commit to keep GitHub streak alive
Fri Apr 11 01:46:58 UTC 2025 - Auto commit to keep GitHub streak alive
Sat Apr 12 01:44:07 UTC 2025 - Auto commit to keep GitHub streak alive
Sun Apr 13 03:12:57 UTC 2025 - Auto commit to keep GitHub streak alive
Mon Apr 14 01:50:51 UTC 2025 - Auto commit to keep GitHub streak alive
Tue Apr 15 01:49:35 UTC 2025 - Auto commit to keep GitHub streak alive
Wed Apr 16 01:49:14 UTC 2025 - Auto commit to keep GitHub streak alive
Thu Apr 17 01:47:44 UTC 2025 - Auto commit to keep GitHub streak alive
Fri Apr 18 01:45:05 UTC 2025 - Auto commit to keep GitHub streak alive
Sat Apr 19 01:43:20 UTC 2025 - Auto commit to keep GitHub streak alive
Sun Apr 20 01:54:03 UTC 2025 - Auto commit to keep GitHub streak alive
Mon Apr 21 01:53:09 UTC 2025 - Auto commit to keep GitHub streak alive
Tue Apr 22 01:48:34 UTC 2025 - Auto commit to keep GitHub streak alive
Wed Apr 23 01:48:44 UTC 2025 - Auto commit to keep GitHub streak alive
Thu Apr 24 01:49:18 UTC 2025 - Auto commit to keep GitHub streak alive
Fri Apr 25 01:49:52 UTC 2025 - Auto commit to keep GitHub streak alive
Sat Apr 26 01:45:49 UTC 2025 - Auto commit to keep GitHub streak alive
Sun Apr 27 01:54:36 UTC 2025 - Auto commit to keep GitHub streak alive
Mon Apr 28 01:52:52 UTC 2025 - Auto commit to keep GitHub streak alive
Tue Apr 29 01:50:29 UTC 2025 - Auto commit to keep GitHub streak alive
Wed Apr 30 01:50:05 UTC 2025 - Auto commit to keep GitHub streak alive
Thu May  1 01:59:03 UTC 2025 - Auto commit to keep GitHub streak alive
Fri May  2 01:50:40 UTC 2025 - Auto commit to keep GitHub streak alive
Sat May  3 01:48:11 UTC 2025 - Auto commit to keep GitHub streak alive
Sun May  4 01:59:48 UTC 2025 - Auto commit to keep GitHub streak alive
Mon May  5 01:54:52 UTC 2025 - Auto commit to keep GitHub streak alive
Tue May  6 01:51:36 UTC 2025 - Auto commit to keep GitHub streak alive
Wed May  7 01:52:19 UTC 2025 - Auto commit to keep GitHub streak alive
Thu May  8 01:52:57 UTC 2025 - Auto commit to keep GitHub streak alive
Fri May  9 01:51:58 UTC 2025 - Auto commit to keep GitHub streak alive
Sat May 10 01:47:27 UTC 2025 - Auto commit to keep GitHub streak alive
Sun May 11 01:57:42 UTC 2025 - Auto commit to keep GitHub streak alive
Mon May 12 01:56:02 UTC 2025 - Auto commit to keep GitHub streak alive
Tue May 13 01:53:29 UTC 2025 - Auto commit to keep GitHub streak alive
Wed May 14 01:52:18 UTC 2025 - Auto commit to keep GitHub streak alive
Thu May 15 01:50:28 UTC 2025 - Auto commit to keep GitHub streak alive
Fri May 16 01:53:48 UTC 2025 - Auto commit to keep GitHub streak alive
Sat May 17 01:49:58 UTC 2025 - Auto commit to keep GitHub streak alive
Sun May 18 01:59:17 UTC 2025 - Auto commit to keep GitHub streak alive
Mon May 19 01:58:13 UTC 2025 - Auto commit to keep GitHub streak alive
Tue May 20 01:54:17 UTC 2025 - Auto commit to keep GitHub streak alive
Wed May 21 01:53:50 UTC 2025 - Auto commit to keep GitHub streak alive
Thu May 22 01:53:15 UTC 2025 - Auto commit to keep GitHub streak alive
Fri May 23 01:53:06 UTC 2025 - Auto commit to keep GitHub streak alive
Sat May 24 01:48:52 UTC 2025 - Auto commit to keep GitHub streak alive
Sun May 25 02:01:58 UTC 2025 - Auto commit to keep GitHub streak alive
Mon May 26 01:56:44 UTC 2025 - Auto commit to keep GitHub streak alive
Tue May 27 01:52:16 UTC 2025 - Auto commit to keep GitHub streak alive
Wed May 28 01:54:22 UTC 2025 - Auto commit to keep GitHub streak alive
Thu May 29 01:54:03 UTC 2025 - Auto commit to keep GitHub streak alive
Fri May 30 01:51:58 UTC 2025 - Auto commit to keep GitHub streak alive
Sat May 31 01:51:34 UTC 2025 - Auto commit to keep GitHub streak alive
Sun Jun  1 02:12:16 UTC 2025 - Auto commit to keep GitHub streak alive
Mon Jun  2 01:59:15 UTC 2025 - Auto commit to keep GitHub streak alive
Tue Jun  3 01:55:58 UTC 2025 - Auto commit to keep GitHub streak alive
Wed Jun  4 01:56:01 UTC 2025 - Auto commit to keep GitHub streak alive
Thu Jun  5 01:54:52 UTC 2025 - Auto commit to keep GitHub streak alive
Fri Jun  6 01:54:08 UTC 2025 - Auto commit to keep GitHub streak alive
Sat Jun  7 01:53:30 UTC 2025 - Auto commit to keep GitHub streak alive
Sun Jun  8 02:04:19 UTC 2025 - Auto commit to keep GitHub streak alive
Mon Jun  9 02:01:34 UTC 2025 - Auto commit to keep GitHub streak alive
Tue Jun 10 01:57:35 UTC 2025 - Auto commit to keep GitHub streak alive
Wed Jun 11 01:56:36 UTC 2025 - Auto commit to keep GitHub streak alive
Thu Jun 12 01:55:24 UTC 2025 - Auto commit to keep GitHub streak alive
Fri Jun 13 01:56:35 UTC 2025 - Auto commit to keep GitHub streak alive
Sat Jun 14 01:52:36 UTC 2025 - Auto commit to keep GitHub streak alive
Sun Jun 15 02:06:18 UTC 2025 - Auto commit to keep GitHub streak alive
Mon Jun 16 02:00:21 UTC 2025 - Auto commit to keep GitHub streak alive
Tue Jun 17 01:57:05 UTC 2025 - Auto commit to keep GitHub streak alive
Wed Jun 18 01:56:21 UTC 2025 - Auto commit to keep GitHub streak alive
Thu Jun 19 01:57:04 UTC 2025 - Auto commit to keep GitHub streak alive
Fri Jun 20 01:56:11 UTC 2025 - Auto commit to keep GitHub streak alive
Sat Jun 21 01:54:09 UTC 2025 - Auto commit to keep GitHub streak alive
Sun Jun 22 02:05:38 UTC 2025 - Auto commit to keep GitHub streak alive
Mon Jun 23 02:04:03 UTC 2025 - Auto commit to keep GitHub streak alive
Tue Jun 24 01:57:51 UTC 2025 - Auto commit to keep GitHub streak alive
Wed Jun 25 01:57:52 UTC 2025 - Auto commit to keep GitHub streak alive
Thu Jun 26 01:56:49 UTC 2025 - Auto commit to keep GitHub streak alive
Fri Jun 27 01:57:59 UTC 2025 - Auto commit to keep GitHub streak alive
Sat Jun 28 01:53:41 UTC 2025 - Auto commit to keep GitHub streak alive
Sun Jun 29 02:08:01 UTC 2025 - Auto commit to keep GitHub streak alive
Mon Jun 30 02:03:02 UTC 2025 - Auto commit to keep GitHub streak alive
Tue Jul  1 02:08:49 UTC 2025 - Auto commit to keep GitHub streak alive
Wed Jul  2 01:57:29 UTC 2025 - Auto commit to keep GitHub streak alive
Thu Jul  3 01:57:43 UTC 2025 - Auto commit to keep GitHub streak alive
Fri Jul  4 01:57:21 UTC 2025 - Auto commit to keep GitHub streak alive
Sat Jul  5 01:53:22 UTC 2025 - Auto commit to keep GitHub streak alive
Sun Jul  6 02:06:25 UTC 2025 - Auto commit to keep GitHub streak alive
Mon Jul  7 02:03:28 UTC 2025 - Auto commit to keep GitHub streak alive
Tue Jul  8 01:58:24 UTC 2025 - Auto commit to keep GitHub streak alive
Wed Jul  9 01:59:45 UTC 2025 - Auto commit to keep GitHub streak alive
Thu Jul 10 01:59:43 UTC 2025 - Auto commit to keep GitHub streak alive
Fri Jul 11 02:02:29 UTC 2025 - Auto commit to keep GitHub streak alive
Sat Jul 12 02:03:17 UTC 2025 - Auto commit to keep GitHub streak alive
Sun Jul 13 02:11:37 UTC 2025 - Auto commit to keep GitHub streak alive
Mon Jul 14 02:06:54 UTC 2025 - Auto commit to keep GitHub streak alive
Tue Jul 15 02:06:37 UTC 2025 - Auto commit to keep GitHub streak alive
Wed Jul 16 02:03:34 UTC 2025 - Auto commit to keep GitHub streak alive
Thu Jul 17 02:03:54 UTC 2025 - Auto commit to keep GitHub streak alive
Fri Jul 18 02:05:32 UTC 2025 - Auto commit to keep GitHub streak alive
Sat Jul 19 01:59:40 UTC 2025 - Auto commit to keep GitHub streak alive
Sun Jul 20 02:19:20 UTC 2025 - Auto commit to keep GitHub streak alive
Mon Jul 21 02:10:20 UTC 2025 - Auto commit to keep GitHub streak alive
Tue Jul 22 02:04:43 UTC 2025 - Auto commit to keep GitHub streak alive
Wed Jul 23 02:05:34 UTC 2025 - Auto commit to keep GitHub streak alive
Thu Jul 24 02:04:36 UTC 2025 - Auto commit to keep GitHub streak alive
Fri Jul 25 02:04:29 UTC 2025 - Auto commit to keep GitHub streak alive
Sat Jul 26 02:00:46 UTC 2025 - Auto commit to keep GitHub streak alive
Sun Jul 27 02:20:18 UTC 2025 - Auto commit to keep GitHub streak alive
Mon Jul 28 02:11:18 UTC 2025 - Auto commit to keep GitHub streak alive
Tue Jul 29 02:22:25 UTC 2025 - Auto commit to keep GitHub streak alive
Wed Jul 30 02:07:23 UTC 2025 - Auto commit to keep GitHub streak alive
Thu Jul 31 02:07:07 UTC 2025 - Auto commit to keep GitHub streak alive
Fri Aug  1 02:24:00 UTC 2025 - Auto commit to keep GitHub streak alive
Sat Aug  2 02:01:36 UTC 2025 - Auto commit to keep GitHub streak alive
Sun Aug  3 02:22:27 UTC 2025 - Auto commit to keep GitHub streak alive
Mon Aug  4 02:22:05 UTC 2025 - Auto commit to keep GitHub streak alive
Tue Aug  5 02:10:05 UTC 2025 - Auto commit to keep GitHub streak alive
Wed Aug  6 02:08:13 UTC 2025 - Auto commit to keep GitHub streak alive
Thu Aug  7 02:08:38 UTC 2025 - Auto commit to keep GitHub streak alive
Fri Aug  8 02:08:03 UTC 2025 - Auto commit to keep GitHub streak alive
Sat Aug  9 01:57:01 UTC 2025 - Auto commit to keep GitHub streak alive
Sun Aug 10 02:12:30 UTC 2025 - Auto commit to keep GitHub streak alive
Mon Aug 11 02:08:20 UTC 2025 - Auto commit to keep GitHub streak alive
Tue Aug 12 01:56:11 UTC 2025 - Auto commit to keep GitHub streak alive
Wed Aug 13 01:58:22 UTC 2025 - Auto commit to keep GitHub streak alive
Thu Aug 14 01:58:39 UTC 2025 - Auto commit to keep GitHub streak alive
Fri Aug 15 01:59:23 UTC 2025 - Auto commit to keep GitHub streak alive
Sat Aug 16 01:53:43 UTC 2025 - Auto commit to keep GitHub streak alive
Sun Aug 17 02:05:04 UTC 2025 - Auto commit to keep GitHub streak alive
Mon Aug 18 02:05:51 UTC 2025 - Auto commit to keep GitHub streak alive
Tue Aug 19 01:52:57 UTC 2025 - Auto commit to keep GitHub streak alive
Wed Aug 20 01:51:02 UTC 2025 - Auto commit to keep GitHub streak alive
Thu Aug 21 01:49:30 UTC 2025 - Auto commit to keep GitHub streak alive
Fri Aug 22 01:50:18 UTC 2025 - Auto commit to keep GitHub streak alive
Sat Aug 23 01:46:35 UTC 2025 - Auto commit to keep GitHub streak alive
Sun Aug 24 02:00:40 UTC 2025 - Auto commit to keep GitHub streak alive
Mon Aug 25 01:55:05 UTC 2025 - Auto commit to keep GitHub streak alive
Tue Aug 26 01:51:24 UTC 2025 - Auto commit to keep GitHub streak alive
Wed Aug 27 01:47:53 UTC 2025 - Auto commit to keep GitHub streak alive
Thu Aug 28 01:47:07 UTC 2025 - Auto commit to keep GitHub streak alive
Fri Aug 29 01:46:52 UTC 2025 - Auto commit to keep GitHub streak alive
Sat Aug 30 01:41:42 UTC 2025 - Auto commit to keep GitHub streak alive
Sun Aug 31 01:52:13 UTC 2025 - Auto commit to keep GitHub streak alive
Mon Sep  1 02:02:14 UTC 2025 - Auto commit to keep GitHub streak alive
Tue Sep  2 01:48:48 UTC 2025 - Auto commit to keep GitHub streak alive
Wed Sep  3 01:41:37 UTC 2025 - Auto commit to keep GitHub streak alive
Thu Sep  4 01:42:06 UTC 2025 - Auto commit to keep GitHub streak alive
Fri Sep  5 01:44:26 UTC 2025 - Auto commit to keep GitHub streak alive
Sat Sep  6 01:41:20 UTC 2025 - Auto commit to keep GitHub streak alive
Sun Sep  7 01:49:53 UTC 2025 - Auto commit to keep GitHub streak alive
Mon Sep  8 01:49:40 UTC 2025 - Auto commit to keep GitHub streak alive
Tue Sep  9 01:46:11 UTC 2025 - Auto commit to keep GitHub streak alive
Wed Sep 10 01:42:37 UTC 2025 - Auto commit to keep GitHub streak alive
Thu Sep 11 01:45:26 UTC 2025 - Auto commit to keep GitHub streak alive
Fri Sep 12 01:41:12 UTC 2025 - Auto commit to keep GitHub streak alive
Sat Sep 13 01:37:00 UTC 2025 - Auto commit to keep GitHub streak alive
Sun Sep 14 01:49:18 UTC 2025 - Auto commit to keep GitHub streak alive
Mon Sep 15 01:51:02 UTC 2025 - Auto commit to keep GitHub streak alive
Tue Sep 16 01:42:19 UTC 2025 - Auto commit to keep GitHub streak alive
Wed Sep 17 01:42:15 UTC 2025 - Auto commit to keep GitHub streak alive
Thu Sep 18 01:42:22 UTC 2025 - Auto commit to keep GitHub streak alive
Fri Sep 19 01:45:32 UTC 2025 - Auto commit to keep GitHub streak alive
Sat Sep 20 01:40:35 UTC 2025 - Auto commit to keep GitHub streak alive
Sun Sep 21 01:52:37 UTC 2025 - Auto commit to keep GitHub streak alive
Mon Sep 22 01:52:51 UTC 2025 - Auto commit to keep GitHub streak alive
Tue Sep 23 01:43:08 UTC 2025 - Auto commit to keep GitHub streak alive
Wed Sep 24 01:44:33 UTC 2025 - Auto commit to keep GitHub streak alive
Thu Sep 25 01:45:11 UTC 2025 - Auto commit to keep GitHub streak alive
Fri Sep 26 01:44:25 UTC 2025 - Auto commit to keep GitHub streak alive
Sat Sep 27 01:40:04 UTC 2025 - Auto commit to keep GitHub streak alive
Sun Sep 28 01:53:23 UTC 2025 - Auto commit to keep GitHub streak alive
Mon Sep 29 01:47:28 UTC 2025 - Auto commit to keep GitHub streak alive
Tue Sep 30 01:42:29 UTC 2025 - Auto commit to keep GitHub streak alive
Wed Oct  1 01:54:40 UTC 2025 - Auto commit to keep GitHub streak alive
Thu Oct  2 01:42:38 UTC 2025 - Auto commit to keep GitHub streak alive
Fri Oct  3 01:42:25 UTC 2025 - Auto commit to keep GitHub streak alive
Sat Oct  4 01:38:55 UTC 2025 - Auto commit to keep GitHub streak alive
Sun Oct  5 01:52:32 UTC 2025 - Auto commit to keep GitHub streak alive
Mon Oct  6 01:45:50 UTC 2025 - Auto commit to keep GitHub streak alive
Tue Oct  7 01:43:15 UTC 2025 - Auto commit to keep GitHub streak alive
Wed Oct  8 01:43:36 UTC 2025 - Auto commit to keep GitHub streak alive
Thu Oct  9 01:44:25 UTC 2025 - Auto commit to keep GitHub streak alive
Fri Oct 10 01:45:01 UTC 2025 - Auto commit to keep GitHub streak alive
Sat Oct 11 01:40:34 UTC 2025 - Auto commit to keep GitHub streak alive
Sun Oct 12 01:48:25 UTC 2025 - Auto commit to keep GitHub streak alive
Mon Oct 13 01:51:52 UTC 2025 - Auto commit to keep GitHub streak alive
Tue Oct 14 01:45:23 UTC 2025 - Auto commit to keep GitHub streak alive
Wed Oct 15 01:48:04 UTC 2025 - Auto commit to keep GitHub streak alive
Fri Oct 17 01:45:56 UTC 2025 - Auto commit to keep GitHub streak alive
Sat Oct 18 01:41:02 UTC 2025 - Auto commit to keep GitHub streak alive
Sun Oct 19 01:57:35 UTC 2025 - Auto commit to keep GitHub streak alive
Mon Oct 20 01:54:51 UTC 2025 - Auto commit to keep GitHub streak alive
Tue Oct 21 01:48:51 UTC 2025 - Auto commit to keep GitHub streak alive
Wed Oct 22 01:52:10 UTC 2025 - Auto commit to keep GitHub streak alive
Thu Oct 23 01:47:41 UTC 2025 - Auto commit to keep GitHub streak alive
Fri Oct 24 01:43:43 UTC 2025 - Auto commit to keep GitHub streak alive
Sat Oct 25 01:45:30 UTC 2025 - Auto commit to keep GitHub streak alive
Sun Oct 26 01:54:02 UTC 2025 - Auto commit to keep GitHub streak alive
Mon Oct 27 01:58:05 UTC 2025 - Auto commit to keep GitHub streak alive
Tue Oct 28 01:47:50 UTC 2025 - Auto commit to keep GitHub streak alive
Wed Oct 29 01:54:45 UTC 2025 - Auto commit to keep GitHub streak alive
Thu Oct 30 01:54:14 UTC 2025 - Auto commit to keep GitHub streak alive
Fri Oct 31 01:50:59 UTC 2025 - Auto commit to keep GitHub streak alive
Sat Nov  1 01:54:25 UTC 2025 - Auto commit to keep GitHub streak alive
Sun Nov  2 01:56:50 UTC 2025 - Auto commit to keep GitHub streak alive
Mon Nov  3 01:56:00 UTC 2025 - Auto commit to keep GitHub streak alive
Tue Nov  4 01:51:37 UTC 2025 - Auto commit to keep GitHub streak alive
Wed Nov  5 01:52:47 UTC 2025 - Auto commit to keep GitHub streak alive
Thu Nov  6 01:52:52 UTC 2025 - Auto commit to keep GitHub streak alive
Fri Nov  7 01:51:43 UTC 2025 - Auto commit to keep GitHub streak alive
Sat Nov  8 01:45:40 UTC 2025 - Auto commit to keep GitHub streak alive
Sun Nov  9 01:55:37 UTC 2025 - Auto commit to keep GitHub streak alive
Mon Nov 10 01:57:12 UTC 2025 - Auto commit to keep GitHub streak alive
Tue Nov 11 01:53:33 UTC 2025 - Auto commit to keep GitHub streak alive
Wed Nov 12 01:52:55 UTC 2025 - Auto commit to keep GitHub streak alive
Thu Nov 13 01:54:23 UTC 2025 - Auto commit to keep GitHub streak alive
Fri Nov 14 01:53:28 UTC 2025 - Auto commit to keep GitHub streak alive
Sat Nov 15 01:49:14 UTC 2025 - Auto commit to keep GitHub streak alive
Sun Nov 16 01:58:51 UTC 2025 - Auto commit to keep GitHub streak alive
Mon Nov 17 01:54:25 UTC 2025 - Auto commit to keep GitHub streak alive
Tue Nov 18 01:52:47 UTC 2025 - Auto commit to keep GitHub streak alive
Wed Nov 19 01:52:33 UTC 2025 - Auto commit to keep GitHub streak alive
Thu Nov 20 01:50:56 UTC 2025 - Auto commit to keep GitHub streak alive
Fri Nov 21 01:51:59 UTC 2025 - Auto commit to keep GitHub streak alive
Sat Nov 22 01:48:00 UTC 2025 - Auto commit to keep GitHub streak alive
Sun Nov 23 02:06:09 UTC 2025 - Auto commit to keep GitHub streak alive
Mon Nov 24 02:00:29 UTC 2025 - Auto commit to keep GitHub streak alive
Tue Nov 25 01:54:00 UTC 2025 - Auto commit to keep GitHub streak alive
Wed Nov 26 01:53:55 UTC 2025 - Auto commit to keep GitHub streak alive
Thu Nov 27 01:51:48 UTC 2025 - Auto commit to keep GitHub streak alive
Fri Nov 28 01:51:34 UTC 2025 - Auto commit to keep GitHub streak alive
Sat Nov 29 01:51:17 UTC 2025 - Auto commit to keep GitHub streak alive
Sun Nov 30 02:05:12 UTC 2025 - Auto commit to keep GitHub streak alive
Mon Dec  1 02:18:46 UTC 2025 - Auto commit to keep GitHub streak alive
Tue Dec  2 01:56:14 UTC 2025 - Auto commit to keep GitHub streak alive
Wed Dec  3 01:55:35 UTC 2025 - Auto commit to keep GitHub streak alive
Thu Dec  4 01:56:38 UTC 2025 - Auto commit to keep GitHub streak alive
Fri Dec  5 01:57:00 UTC 2025 - Auto commit to keep GitHub streak alive
Sat Dec  6 01:50:27 UTC 2025 - Auto commit to keep GitHub streak alive
Sun Dec  7 02:05:50 UTC 2025 - Auto commit to keep GitHub streak alive
Mon Dec  8 01:57:46 UTC 2025 - Auto commit to keep GitHub streak alive
Tue Dec  9 01:56:50 UTC 2025 - Auto commit to keep GitHub streak alive
Wed Dec 10 01:58:45 UTC 2025 - Auto commit to keep GitHub streak alive
Thu Dec 11 02:00:31 UTC 2025 - Auto commit to keep GitHub streak alive
Fri Dec 12 01:59:32 UTC 2025 - Auto commit to keep GitHub streak alive
Sat Dec 13 01:53:38 UTC 2025 - Auto commit to keep GitHub streak alive
Sun Dec 14 02:06:11 UTC 2025 - Auto commit to keep GitHub streak alive
Mon Dec 15 02:03:59 UTC 2025 - Auto commit to keep GitHub streak alive
Tue Dec 16 02:00:21 UTC 2025 - Auto commit to keep GitHub streak alive
Wed Dec 17 01:55:46 UTC 2025 - Auto commit to keep GitHub streak alive
Thu Dec 18 01:56:17 UTC 2025 - Auto commit to keep GitHub streak alive
Fri Dec 19 01:59:21 UTC 2025 - Auto commit to keep GitHub streak alive
Sat Dec 20 01:53:20 UTC 2025 - Auto commit to keep GitHub streak alive
Sun Dec 21 02:06:14 UTC 2025 - Auto commit to keep GitHub streak alive
Mon Dec 22 02:05:25 UTC 2025 - Auto commit to keep GitHub streak alive
Tue Dec 23 02:00:47 UTC 2025 - Auto commit to keep GitHub streak alive
Wed Dec 24 01:58:46 UTC 2025 - Auto commit to keep GitHub streak alive
Thu Dec 25 02:01:00 UTC 2025 - Auto commit to keep GitHub streak alive
Fri Dec 26 02:00:04 UTC 2025 - Auto commit to keep GitHub streak alive
Sat Dec 27 01:57:48 UTC 2025 - Auto commit to keep GitHub streak alive
Sun Dec 28 02:11:55 UTC 2025 - Auto commit to keep GitHub streak alive
Mon Dec 29 02:09:58 UTC 2025 - Auto commit to keep GitHub streak alive
Tue Dec 30 02:01:42 UTC 2025 - Auto commit to keep GitHub streak alive
Wed Dec 31 02:01:56 UTC 2025 - Auto commit to keep GitHub streak alive
Thu Jan  1 02:12:30 UTC 2026 - Auto commit to keep GitHub streak alive
Fri Jan  2 02:03:39 UTC 2026 - Auto commit to keep GitHub streak alive
Sat Jan  3 01:56:58 UTC 2026 - Auto commit to keep GitHub streak alive
Sun Jan  4 02:20:07 UTC 2026 - Auto commit to keep GitHub streak alive
Mon Jan  5 02:19:37 UTC 2026 - Auto commit to keep GitHub streak alive
Tue Jan  6 02:03:25 UTC 2026 - Auto commit to keep GitHub streak alive
Wed Jan  7 02:03:14 UTC 2026 - Auto commit to keep GitHub streak alive
Thu Jan  8 02:03:30 UTC 2026 - Auto commit to keep GitHub streak alive
